City_ID,City,Lat,Lng,Max Temp,Humidity,Cloudiness,Wind Speed,Country,Date
0,port-aux-francais,-49.35,70.2167,4.16,67,100,12.53,TF,1686459062
1,margaret river,-33.95,115.0667,13.51,62,97,8.98,AU,1686459062
2,pacasmayo,-7.4006,-79.5714,21.72,83,14,5.84,PE,1686459062
3,papatowai,-46.5619,169.4708,9.02,83,60,1.58,NZ,1686459440
4,veinticinco de mayo,-35.4323,-60.1727,4.97,56,0,5.51,AR,1686459440
5,tocopilla,-22.092,-70.1979,16.18,78,21,2.9,CL,1686458821
6,albany,42.6001,-73.9662,13.03,88,54,0.45,US,1686458790
7,persembe,41.0656,37.7714,19.89,84,77,0.52,TR,1686459440
8,waitangi,-43.9535,-176.5597,11.01,63,100,5.16,NZ,1686459441
9,mount pearl,47.5166,-52.7813,7.3,97,100,3.6,CA,1686459441
10,grytviken,-54.2811,-36.5092,0.64,86,97,4.3,GS,1686459064
11,hithadhoo,-0.6,73.0833,28.69,73,45,3.28,MV,1686459065
12,petropavlovsk-kamchatsky,53.0452,158.6483,20.33,32,75,6.0,RU,1686459442
13,alice springs,-23.7,133.8833,22.75,27,100,0.51,AU,1686459442
14,mchinji,-13.7984,32.8802,15.74,73,8,1.4,MW,1686459442
15,adamstown,-25.066,-130.1015,20.67,56,85,7.02,PN,1686459066
16,lyantor,61.6195,72.1555,12.5,86,100,8.14,RU,1686459066
17,saudarkrokur,65.7461,-19.6394,6.24,69,26,8.66,IS,1686459066
18,udachny,66.4167,112.4,3.03,100,100,10.09,RU,1686459066
19,tsiombe,-25.3,45.4833,19.64,82,0,1.82,MG,1686459067
20,yellowknife,62.456,-114.3525,19.2,72,100,2.68,CA,1686459067
21,luderitz,-26.6481,15.1594,11.22,81,0,3.13,NA,1686459067
22,usogorsk,63.4106,48.6872,4.22,70,62,4.58,RU,1686459068
23,geneina,13.45,22.45,23.93,68,100,1.34,SD,1686459068
24,aginskoye,51.1,114.53,22.82,38,48,2.83,RU,1686459068
25,klyuchi,52.2667,79.1667,20.58,40,1,4.78,RU,1686459068
26,nova sintra,14.8667,-24.7167,21.79,83,10,9.5,CV,1686459069
27,porto franco,-6.3383,-47.3992,25.37,65,85,1.04,BR,1686459069
28,codrington,-38.2667,141.9667,15.62,62,67,5.1,AU,1686459069
29,enewetak,11.3474,162.3373,28.01,80,100,6.88,MH,1686459070
30,boa vista,2.8197,-60.6733,26.99,83,40,2.06,BR,1686459070
31,avarua,-21.2078,-159.775,24.03,88,3,1.03,CK,1686459070
32,isafjordur,66.0755,-23.124,6.19,77,81,6.07,IS,1686459070
33,badger,64.8,-147.5333,20.28,44,20,3.6,US,1686459071
34,lompoc,34.6391,-120.4579,16.55,89,100,3.09,US,1686458831
35,woodmoor,39.1014,-104.8475,12.14,70,75,0.45,US,1686459071
36,dudinka,69.4058,86.1778,11.46,37,87,5.14,RU,1686459071
37,bouarfa,32.53,-1.95,18.99,44,0,5.85,MA,1686459072
38,talnakh,69.4865,88.3972,11.23,41,54,2.83,RU,1686459072
39,bethel,41.3712,-73.414,17.64,80,0,1.54,US,1686458815
40,misratah,32.3754,15.0925,21.69,78,46,7.3,LY,1686459072
41,chonchi,-42.6128,-73.8092,3.95,88,44,1.24,CL,1686458900
42,kingscliff,-28.2667,153.5667,22.07,49,14,3.09,AU,1686459073
43,berezovyy,51.6667,135.7,14.76,94,100,1.58,RU,1686459073
44,murun-kuren,49.6342,100.1625,26.24,33,22,1.27,MN,1686459073
45,harper,4.375,-7.7169,25.23,85,100,4.7,LR,1686459073
46,west island,-12.1568,96.8225,26.99,83,75,12.27,CC,1686459074
47,puerto ayora,-0.7393,-90.3518,26.42,89,77,3.58,EC,1686459074
48,annonay,45.2397,4.6708,18.79,92,6,1.64,FR,1686459074
49,yuzhno-kurilsk,44.0306,145.8556,13.15,85,91,3.81,RU,1686459075
50,n'zeto,-7.2312,12.8666,21.92,94,99,2.16,AO,1686459075
51,caleta de carquin,-11.0925,-77.6267,20.15,84,56,3.93,PE,1686459075
52,hasaki,35.7333,140.8333,22.94,92,98,4.05,JP,1686459075
53,jamestown,42.097,-79.2353,17.77,74,0,2.06,US,1686459075
54,hawaiian paradise park,19.5933,-154.9731,24.73,84,0,3.6,US,1686459076
55,xining,36.6167,101.7667,19.97,35,100,5.28,CN,1686459076
56,tiksi,71.6872,128.8694,0.32,97,100,4.86,RU,1686459076
57,bilibino,68.0546,166.4372,21.19,18,0,4.43,RU,1686459076
58,lorengau,-2.0226,147.2712,29.1,74,83,2.5,PG,1686459077
59,celestun,20.8667,-90.4,25.91,88,1,4.15,MX,1686459077
60,inhambane,-23.865,35.3833,19.73,70,0,2.81,MZ,1686459077
61,brisas de zicatela,15.8369,-97.0419,28.41,79,99,1.34,MX,1686459077
62,west plains,36.7281,-91.8524,21.46,89,20,2.68,US,1686459078
63,iqaluit,63.7506,-68.5145,0.85,86,75,2.06,CA,1686459078
64,atafu village,-8.5421,-172.5159,28.78,77,35,4.76,TK,1686459078
65,pisco,-13.7,-76.2167,16.68,82,0,2.57,PE,1686459079
66,colonia,50.9333,6.95,22.12,65,0,1.54,DE,1686459001
67,vorgashor,67.5833,63.95,5.43,83,99,7.6,RU,1686459079
68,minas de marcona,-15.2119,-75.1103,12.0,89,57,5.77,PE,1686459080
69,kolwezi,-10.7148,25.4667,13.74,58,70,2.26,CD,1686459080
70,anadyr,64.75,177.4833,5.28,75,75,5.0,RU,1686459080
71,pokhara,28.2333,83.9833,32.65,36,35,2.6,NP,1686459080
72,puerto natales,-51.7236,-72.4875,2.92,71,75,5.67,CL,1686459081
73,aileu,-8.7281,125.5664,25.17,56,70,1.76,TL,1686459081
74,ilulissat,69.2167,-51.1,0.01,100,100,5.66,GL,1686459081
75,prince rupert,54.3161,-130.3201,12.05,88,0,8.23,CA,1686459047
76,ushuaia,-54.8,-68.3,0.81,80,100,15.43,AR,1686459082
77,rongelap,11.1635,166.8941,27.75,81,100,6.75,MH,1686459082
78,kashary,49.04,41.0056,18.56,73,100,6.36,RU,1686459083
79,nueva guinea,11.6876,-84.4562,24.05,92,90,1.74,NI,1686459083
80,chui,-33.6971,-53.4616,8.13,68,73,2.99,UY,1686459083
81,chadron,42.8294,-102.9999,14.98,92,100,4.12,US,1686459018
82,blackmans bay,-43.0167,147.3167,15.41,68,57,1.76,AU,1686459084
83,koulikoro,14.0,-7.75,28.69,46,79,5.34,ML,1686459084
84,college,64.8569,-147.8028,20.32,44,75,3.6,US,1686459084
85,whitehorse,60.7161,-135.0538,15.57,38,40,7.72,CA,1686459055
86,edinburgh of the seven seas,-37.0676,-12.3116,15.5,90,37,9.27,SH,1686459085
87,kourou,5.1552,-52.6478,23.03,92,78,2.92,GF,1686459085
88,kingston,17.997,-76.7936,28.53,83,20,5.14,JM,1686459085
89,pangkalpinang,-2.1333,106.1333,31.74,55,16,4.54,ID,1686459085
90,muisne,0.6,-80.0333,25.55,85,97,1.08,EC,1686459086
91,aripuana,-9.1667,-60.6333,23.83,78,67,0.58,BR,1686459086
92,geraldton,-28.7667,114.6,19.23,63,100,8.23,AU,1686459086
93,quezon,7.7303,125.0989,31.73,56,84,2.09,PH,1686459087
94,impfondo,1.6381,18.0667,20.82,92,100,0.27,CG,1686459087
95,elliot lake,46.3834,-82.6331,8.34,85,71,5.15,CA,1686459087
96,kodiak,57.79,-152.4072,7.73,93,100,13.38,US,1686459087
97,mount isa,-20.7333,139.5,28.87,23,3,2.57,AU,1686459088
98,nuriootpa,-34.4833,139.0,17.65,49,10,3.37,AU,1686459029
99,fort bragg,35.139,-79.006,22.85,56,0,3.6,US,1686459088
100,takaungu,-3.6837,39.8566,24.27,83,86,5.46,KE,1686459088
101,mount gambier,-37.8333,140.7667,15.3,58,51,3.9,AU,1686459463
102,la rinconada,37.4873,-5.9826,18.92,91,37,1.32,ES,1686459040
103,sydney mines,46.2367,-60.2177,10.5,91,75,5.66,CA,1686459089
104,queenstown,-31.8976,26.8753,5.71,64,0,3.06,ZA,1686459089
105,anthiyur,11.5833,77.6,33.51,46,59,0.51,IN,1686459090
106,hajjah,15.6943,43.6058,25.08,38,84,0.46,YE,1686459090
107,invercargill,-46.4,168.35,9.66,91,78,2.62,NZ,1686459015
108,hindoria,23.9,79.5667,40.17,19,3,6.31,IN,1686459091
109,georgetown,5.4112,100.3354,31.97,70,20,5.14,MY,1686459091
110,mashava,-20.0367,30.4823,15.57,79,62,2.37,ZW,1686459091
111,acarau,-2.8856,-40.12,24.64,88,1,4.65,BR,1686459092
112,ivankiv,50.9386,29.8943,10.31,94,100,7.14,UA,1686459092
113,punta arenas,-53.15,-70.9167,3.06,70,20,7.2,CL,1686458848
114,bredasdorp,-34.5322,20.0403,9.84,77,10,2.08,ZA,1686459092
115,howrah,22.5892,88.3103,33.0,75,40,4.12,IN,1686459466
116,fale old settlement,-9.3852,-171.2468,28.9,76,38,4.79,TK,1686459093
117,multai,21.7667,78.25,34.93,30,3,6.27,IN,1686459093
118,amga,60.8953,131.9608,23.91,35,72,2.54,RU,1686459093
119,vilyuysk,63.7553,121.6247,25.79,53,100,5.74,RU,1686459094
120,harnosand,62.6323,17.9379,11.0,49,19,3.21,SE,1686459094
121,aykhal,66.0,111.5,1.05,97,100,10.18,RU,1686459094
122,utrik,11.2278,169.8474,27.84,78,83,6.82,MH,1686459094
123,elhovo,42.1667,26.5667,17.31,79,3,2.14,BG,1686459095
124,qarazhal,48.0078,70.7903,24.68,24,0,6.39,KZ,1686459095
125,villa gesell,-37.2639,-56.973,3.36,70,7,7.66,AR,1686458997
126,hancheng,32.5186,112.3522,35.98,27,100,3.41,CN,1686459095
127,old town,50.087,14.4202,16.29,82,0,1.79,CZ,1686459095
128,idabel,33.8957,-94.8263,19.97,94,100,2.57,US,1686459096
129,benjamin constant,-4.3831,-70.0311,24.07,99,77,0.29,BR,1686459096
130,al qabil,22.571,58.6947,39.55,13,94,2.88,OM,1686459096
131,thompson,55.7435,-97.8558,17.09,36,20,3.09,CA,1686459071
132,kapuskasing,49.4169,-82.4331,7.0,87,100,3.09,CA,1686458941
133,birobidzhan,48.8,132.95,25.87,50,4,4.09,RU,1686458903
134,colby,39.3958,-101.0524,16.29,90,100,11.18,US,1686459097
135,hamilton,39.1834,-84.5333,19.91,65,0,0.0,US,1686458897
136,mananwala,31.5842,73.6878,39.6,23,65,3.03,PK,1686459098
137,hengchun,22.0042,120.7439,29.82,70,77,4.29,TW,1686459098
138,jalalaqsi,3.3766,45.5996,26.5,71,92,8.91,SO,1686459098
139,lata,40.1629,-8.3327,13.93,96,6,0.7,PT,1686459098
140,kapa'a,22.0752,-159.319,26.99,86,75,6.17,US,1686459099
141,yeppoon,-23.1333,150.7333,23.88,69,86,3.87,AU,1686459099
142,chachersk,52.9164,30.9179,12.95,58,100,6.83,BY,1686459099
143,bel ombre,-4.6167,55.4167,27.91,78,40,6.69,SC,1686459100
144,port saint john's,-31.6229,29.5448,13.34,61,0,3.21,ZA,1686459100
145,magadan,59.5667,150.8,18.63,75,58,4.09,RU,1686459100
146,saldanha,-33.0117,17.9442,11.03,90,0,5.31,ZA,1686459100
147,sechura,-5.5569,-80.8222,23.58,76,83,6.38,PE,1686459101
148,sale,34.0389,-6.8166,18.19,100,40,0.0,MA,1686459101
149,sandpoint,48.2766,-116.5533,16.51,86,0,0.45,US,1686459057
150,hermanus,-34.4187,19.2345,12.81,78,4,3.54,ZA,1686459102
151,skovorodino,53.9833,123.9167,27.49,33,78,2.37,RU,1686459102
152,st. john's,47.5649,-52.7093,7.76,97,100,3.6,CA,1686458908
153,greymouth,-42.4667,171.2,8.99,80,100,1.87,NZ,1686458855
154,cold lake,54.4502,-110.2017,19.97,56,40,4.12,CA,1686459102
155,lampazos de naranjo,27.0167,-100.5167,30.93,53,1,4.03,MX,1686459103
156,tucuma,-0.1833,-50.05,23.79,94,13,2.11,BR,1686459103
157,selfoss,63.9331,-20.9971,5.58,78,44,3.66,IS,1686459103
158,rio segundo,-31.6526,-63.9099,10.81,32,6,4.62,AR,1686459103
159,jinghong,21.991,100.7341,30.82,62,83,1.11,CN,1686459104
160,guaratinga,-16.5667,-39.5667,19.3,98,8,0.96,BR,1686459104
161,castelo branco,39.8222,-7.4909,13.45,90,3,0.55,PT,1686459104
162,anuppur,23.1,81.6833,38.71,20,59,5.91,IN,1686459104
163,kuta,-8.7233,115.1723,28.97,74,20,4.63,ID,1686458903
164,badiyah,22.45,58.8,39.38,14,96,1.48,OM,1686459105
165,arraial do cabo,-22.9661,-42.0278,21.13,80,0,4.57,BR,1686459105
166,stanley,54.868,-1.6985,12.38,92,100,0.0,GB,1686459105
167,merritt,50.1123,-120.7942,13.18,86,68,2.01,CA,1686459106
168,port alfred,-33.5906,26.891,14.89,48,0,4.37,ZA,1686459106
169,wailua homesteads,22.0669,-159.378,26.24,86,75,6.17,US,1686459106
170,paramonga,-10.6667,-77.8333,20.57,82,86,3.9,PE,1686459106
171,katsuura,35.1333,140.3,24.59,82,100,2.41,JP,1686459107
172,valdivia,-39.8142,-73.2459,2.05,96,66,0.53,CL,1686458939
173,olonkinbyen,70.9221,-8.7187,0.87,95,80,8.83,SJ,1686459107
174,corner brook,48.9667,-57.9484,7.09,99,99,1.7,CA,1686459107
175,susuman,62.7833,148.1667,19.92,41,49,4.48,RU,1686459108
176,matoury,4.8483,-52.3317,22.98,100,0,0.0,GF,1686459108
177,ta`u,-14.2336,-169.5144,28.03,79,44,6.0,AS,1686459108
178,ribeira grande,38.5167,-28.7,14.87,79,69,2.68,PT,1686459108
179,alofi,-19.0595,-169.9187,24.94,94,25,3.09,NU,1686459109
180,praia da vitoria,38.7333,-27.0667,18.14,72,20,5.03,PT,1686459109
181,kamaishi,39.2667,141.8833,16.94,98,100,0.41,JP,1686458876
182,coursan,43.2337,3.0571,21.38,65,81,3.13,FR,1686459109
183,kone,-21.0595,164.8658,24.16,51,11,3.4,NC,1686459109
184,naha,26.2125,127.6811,29.38,89,75,4.12,JP,1686459110
185,port mathurin,-19.6833,63.4167,24.28,77,43,9.2,MU,1686459110
186,staroaleyskoye,51.0061,82.0,18.18,56,0,9.05,RU,1686459110
187,keflavik,64.0049,-22.5624,7.95,70,75,8.75,IS,1686459111
188,richards bay,-28.783,32.0377,14.21,76,0,2.13,ZA,1686459111
189,hammerfest,70.6634,23.6821,11.25,54,90,3.09,NO,1686459111
190,lodwar,3.1191,35.5973,27.47,54,99,3.01,KE,1686459111
191,darwin,-12.4611,130.8418,31.99,29,0,5.66,AU,1686459235
192,fort valley,32.5538,-83.8874,22.99,80,75,1.54,US,1686459112
193,yavas,54.4159,42.8491,12.11,49,100,5.19,RU,1686459112
194,daromehar,24.7946,68.1805,34.72,49,8,4.57,PK,1686459112
195,touros,-5.1989,-35.4608,23.14,89,8,4.83,BR,1686459113
196,murzuq,25.9155,13.9184,28.07,24,0,5.73,LY,1686459113
197,lensk,60.7253,114.9278,19.32,71,100,3.68,RU,1686459113
198,miracema do tocantins,-9.5618,-48.3967,25.07,62,45,0.55,BR,1686459113
199,howard springs,-12.497,131.047,31.95,25,3,3.55,AU,1686459114
200,mogadishu,2.0371,45.3438,26.93,83,40,5.66,SO,1686459114
201,nyzhni sirohozy,46.8484,34.3804,17.42,85,100,8.65,UA,1686459114
202,adrar,20.5022,-10.0711,27.42,25,0,5.48,MR,1686459114
203,dalcahue,-42.3628,-73.7022,3.44,93,100,0.0,CL,1686458838
204,bela,25.9333,81.9833,42.26,18,6,5.06,IN,1686458939
205,camayenne,9.535,-13.6878,28.05,83,20,3.09,GN,1686459115
206,cabo san lucas,22.8909,-109.9124,27.01,57,4,0.45,MX,1686459489
207,broken hill,-31.95,141.4333,16.3,42,24,4.44,AU,1686459116
208,nieuw amsterdam,5.8833,-55.0833,25.08,92,32,2.86,SR,1686459116
209,afaahiti,-17.75,-149.2833,24.93,67,34,6.31,PF,1686459116
210,piacabucu,-10.4056,-36.4344,23.65,85,1,1.87,BR,1686459116
211,san patricio,28.017,-97.5169,28.81,84,1,5.17,US,1686459117
212,nikol'sk,53.7189,46.0712,11.7,54,99,6.92,RU,1686459117
213,hyesan,41.4017,128.1778,19.1,68,69,3.62,KP,1686459117
214,southside,33.9245,-86.0225,24.0,90,40,0.0,US,1686459117
215,vilyuchinsk,52.9306,158.4028,21.15,49,27,2.88,RU,1686459118
216,kikwit,-5.041,18.8162,21.57,93,88,0.46,CD,1686459118
217,port lincoln,-34.7333,135.8667,17.16,54,61,4.37,AU,1686459118
218,downpatrick,54.3263,-5.7035,16.16,94,93,2.08,GB,1686459118
219,yamada,39.4667,141.95,17.04,95,100,2.06,JP,1686459119
220,carnarvon,-24.8667,113.6333,21.79,47,4,3.92,AU,1686458898
221,lihue,21.9789,-159.3672,26.58,82,75,6.17,US,1686459082
222,iskateley,67.6803,53.1512,4.1,66,86,7.97,RU,1686459119
223,remire-montjoly,4.9167,-52.2667,23.02,100,0,0.0,GF,1686459120
224,zalishchyky,48.6447,25.7339,14.97,97,99,3.59,UA,1686459120
225,saint-pierre,-21.3393,55.4781,25.87,57,0,2.06,RE,1686459120
226,akankpa,5.1264,8.1898,22.78,99,98,0.1,NG,1686459120
227,flin flon,54.7682,-101.865,13.12,61,8,3.19,CA,1686459121
228,nuuk,64.1835,-51.7216,10.34,40,100,21.09,GL,1686459121
229,naxos,37.1056,25.3764,24.61,61,0,2.68,GR,1686459121
230,tromso,69.6496,18.957,12.99,54,20,6.17,NO,1686459121
231,port elizabeth,-33.918,25.5701,12.95,71,0,2.06,ZA,1686459122
232,constantia,44.1833,28.65,20.39,75,49,3.36,RO,1686459122
233,cole harbour,44.6724,-63.4751,10.71,94,93,3.09,CA,1686459122
234,mtambile,-5.3833,39.7,26.29,77,52,4.94,TZ,1686459123
235,sirte,31.2089,16.5887,24.5,53,25,5.32,LY,1686459123
236,weno,7.4515,151.8468,28.97,84,100,2.06,FM,1686459123
237,aix-les-bains,45.6834,5.9224,18.97,93,18,0.69,FR,1686458973
238,ust-nera,64.5667,143.2,19.91,39,100,2.82,RU,1686459124
239,nurlat,54.4277,50.8051,11.54,52,98,6.35,RU,1686459124
240,haiku-pauwela,20.9219,-156.3051,26.01,65,40,8.75,US,1686459124
241,segezha,63.7415,34.3222,11.67,56,89,2.92,RU,1686459125
242,trinidad,-14.8333,-64.9,23.99,100,40,1.03,BO,1686459125
243,lebu,-37.6167,-73.65,7.65,77,7,6.7,CL,1686458833
244,papao,-17.75,-149.55,25.82,70,29,6.81,PF,1686459125
245,saurimo,-9.6608,20.3916,15.99,49,100,1.9,AO,1686459126
246,bandon,51.7469,-8.7425,15.77,97,99,2.17,IE,1686459126
247,xuanzhou,30.9525,118.7553,31.22,45,94,3.58,CN,1686459126
248,aleksandrovsk-sakhalinskiy,50.8975,142.1561,12.81,84,94,3.74,RU,1686459127
249,oranjemund,-28.55,16.4333,10.94,90,0,0.21,NA,1686459127
250,kidal,18.4411,1.4078,28.89,47,30,3.25,ML,1686459127
251,hilo,19.7297,-155.09,24.85,80,0,3.6,US,1686459127
252,makinsk,52.6292,70.4169,21.95,35,0,0.9,KZ,1686459128
253,solnechnyy,50.7214,136.6319,17.24,94,83,4.71,RU,1686459128
254,ascension,30.2169,-90.9001,25.0,80,0,0.0,US,1686459128
255,tura,25.5198,90.2201,28.9,73,49,1.25,IN,1686459128
256,tolanaro,-25.0319,46.9987,19.04,88,20,3.09,MG,1686459129
257,margate,51.3813,1.3862,19.61,76,31,1.34,GB,1686459129
258,chinde,26.8418,88.0763,25.27,62,15,1.77,NP,1686459129
259,val-d'or,48.1002,-77.7828,9.05,87,100,6.69,CA,1686458741
260,bhera,32.4832,72.9097,38.51,23,83,1.15,PK,1686459130
261,dunedin,-45.8742,170.5036,8.22,66,81,1.5,NZ,1686459047
262,changsha,28.2,112.9667,36.09,37,97,1.4,CN,1686459130
263,monte alegre,-2.0078,-54.0692,23.35,93,4,1.66,BR,1686459034
264,pemangkat,1.1667,108.9667,30.38,65,33,3.8,ID,1686459131
265,nizhnyaya poyma,56.1622,97.1933,19.26,34,100,2.98,RU,1686459131
266,turochak,52.2576,87.1224,14.25,81,100,0.16,RU,1686459131
267,aasiaat,68.7098,-52.8699,0.55,97,100,3.88,GL,1686459131
268,ancud,-41.8697,-73.8203,5.11,78,30,1.86,CL,1686459132
269,kokshetau,53.2775,69.3883,23.18,31,0,4.0,KZ,1686459132
270,longyearbyen,78.2186,15.6401,5.91,75,75,6.17,SJ,1686459133
271,dubrovnik,42.6481,18.0922,21.8,64,0,2.06,HR,1686459133
272,malacca,2.196,102.2405,32.02,66,20,2.57,MY,1686459133
273,sierra grande,-41.606,-65.3557,3.83,38,0,9.39,AR,1686459133
274,colac,-38.3333,143.5833,15.09,65,52,2.46,AU,1686459134
275,vorkuta,67.5,64.0,6.28,81,100,7.5,RU,1686459134
276,songea,-10.6833,35.65,14.64,94,20,0.51,TZ,1686459134
277,al qarah,25.4167,49.6667,33.27,12,1,2.85,SA,1686459134
278,tshabong,-26.05,22.45,9.34,28,0,3.95,BW,1686459135
279,ad dawadimi,24.5077,44.3924,30.64,14,36,7.99,SA,1686459135
280,palikir - national government center,6.9248,158.1611,29.41,79,75,1.54,FM,1686459135
281,quellon,-43.1167,-73.6167,4.14,87,75,0.0,CL,1686459135
282,crane,31.3974,-102.3501,30.13,17,60,1.84,US,1686459136
283,bodo,67.28,14.405,14.97,67,0,7.2,NO,1686459136
284,kalmunai,7.4167,81.8167,32.07,56,70,0.61,LK,1686459136
285,portland,45.5234,-122.6762,18.33,74,0,2.57,US,1686458792
286,puerto aysen,-45.4,-72.7,2.91,97,100,2.55,CL,1686459137
287,niepolomice,50.0407,20.2226,16.3,10,100,4.71,PL,1686459509
288,kenai,60.5544,-151.2583,13.05,61,0,4.12,US,1686459137
289,wad medani,14.4012,33.5199,26.14,74,95,2.58,SD,1686459137
290,kerikeri,-35.2268,173.9474,13.84,73,80,2.24,NZ,1686459138
291,magong,23.5654,119.5863,28.22,74,26,1.08,TW,1686459138
292,piui,-20.4653,-45.9581,14.18,70,0,0.69,BR,1686458976
293,turpan,42.9333,89.1667,43.4,7,0,1.95,CN,1686459138
294,kaka,37.3482,59.6143,31.13,11,2,2.21,TM,1686459139
295,ad-damazin,11.7891,34.3592,24.26,82,100,4.18,SD,1686459139
296,kargopol',61.5071,38.9456,9.53,51,61,1.88,RU,1686459139
297,la'ie,21.6477,-157.9253,27.98,76,21,1.79,US,1686459139
298,lazaro cardenas,17.9583,-102.2,26.07,81,94,2.45,MX,1686459052
299,kutum,14.2,24.6667,23.41,66,86,2.68,SD,1686459140
300,nuku'alofa,-21.1333,-175.2,23.19,73,40,3.09,TO,1686459140
301,turbat,26.0023,63.044,34.44,45,34,2.32,PK,1686459140
302,ayios konstandinos,38.6333,21.4,18.94,72,60,0.68,GR,1686459141
303,roma,43.2128,-75.4557,14.37,87,0,2.06,US,1686459064
304,qaqortoq,60.7167,-46.0333,4.49,69,98,1.38,GL,1686459141
305,okhotsk,59.3833,143.3,11.2,76,38,2.41,RU,1686459142
306,sarupathar,26.1984,93.8094,27.12,95,100,0.73,IN,1686459142
307,tofol,5.3248,163.0078,27.5,79,95,5.44,FM,1686459142
308,kholmsk,47.0511,142.0569,13.66,83,95,2.72,RU,1686459143
309,rabaul,-4.1967,152.1721,28.46,75,41,3.08,PG,1686459020
310,placido de castro,-10.3353,-67.1856,22.57,98,13,1.0,BR,1686459143
311,nadym,65.5333,72.5167,12.2,81,97,8.29,RU,1686459143
312,auki,-8.7676,160.7034,29.22,67,51,1.33,SB,1686459144
313,sao miguel do araguaia,-13.275,-50.1628,24.67,51,51,0.75,BR,1686459144
314,nasir,15.5894,32.5634,30.49,51,74,4.49,SD,1686459144
315,barah,13.7,30.3667,27.94,60,100,4.25,SD,1686459144
316,buckeye,33.3703,-112.5838,31.43,18,0,4.12,US,1686459145
317,vanimo,-2.6741,141.3028,29.02,71,98,2.78,PG,1686459145
318,machico,32.7,-16.7667,22.78,92,75,6.69,PT,1686459145
319,ataq,14.5377,46.8319,29.03,36,100,2.72,YE,1686459145
320,gwaram,11.2764,9.8858,26.5,66,100,2.55,NG,1686459146
321,tazacorte,28.629,-17.9293,19.54,74,0,3.58,ES,1686459146
322,tibanbang,6.6315,126.1055,29.6,70,67,4.52,PH,1686459147
323,samana,19.2056,-69.3369,25.51,90,17,2.36,DO,1686459147
324,ambositra,-20.5167,47.25,14.62,85,26,0.16,MG,1686459147
325,gadzhiyevo,69.2551,33.3362,9.87,65,100,2.5,RU,1686459148
326,nar'yan-mar,67.6713,53.087,4.04,67,87,7.96,RU,1686459148
327,birine,35.635,3.225,19.16,52,23,2.11,DZ,1686459148
328,chibougamau,49.9168,-74.3659,11.79,94,40,2.57,CA,1686458982
329,strezhevoy,60.7333,77.5889,16.37,57,100,7.4,RU,1686459149
330,galliano,29.4422,-90.2992,25.0,88,0,0.0,US,1686459061
331,shimoda,34.6667,138.95,22.2,93,100,2.7,JP,1686459149
332,namibe,-15.1961,12.1522,19.76,67,91,4.85,AO,1686459149
333,pesqueira,-8.3578,-36.6964,17.65,96,41,2.65,BR,1686459150
334,inebolu,41.9747,33.7608,19.67,64,97,0.42,TR,1686459150
335,lamarque,-39.423,-65.7021,3.06,35,1,4.32,AR,1686459150
336,hurghada,27.2574,33.8129,28.02,28,0,4.63,EG,1686459151
337,orchard homes,46.8633,-114.0484,18.84,72,100,0.89,US,1686459151
338,valparaiso,-33.0393,-71.6273,10.8,66,0,1.54,CL,1686459151
339,kyosai,34.8503,128.5886,25.98,90,95,3.37,KR,1686459151
340,nemuro,43.3236,145.575,12.28,93,95,4.43,JP,1686459152
341,sandnessjoen,66.0217,12.6316,12.29,71,99,4.21,NO,1686459152
342,bhadasar,28.2833,74.3167,37.87,28,2,9.32,IN,1686459152
343,igarka,67.4667,86.5833,11.87,38,44,2.59,RU,1686459152
344,bolondron,22.7633,-81.4469,23.11,91,6,1.41,CU,1686459153
345,pochinok,54.4068,32.4407,9.82,62,100,6.72,RU,1686459153
346,mirny,62.5353,113.9611,17.49,40,100,6.55,RU,1686459154
347,ulladulla,-35.35,150.4667,15.98,51,0,2.54,AU,1686459154
348,chernyshevskiy,63.0128,112.4714,13.63,52,95,6.53,RU,1686459154
349,hauterive,46.0901,3.4459,15.42,97,64,1.15,FR,1686459154
350,ugbokpo,7.6565,7.8664,22.96,95,100,1.67,NG,1686459154
351,letlhakane,-21.4167,25.5833,11.71,82,0,3.06,BW,1686459155
352,pacific grove,36.6177,-121.9166,14.01,88,100,3.09,US,1686459155
353,el alto,-4.2714,-81.2147,23.09,77,100,6.94,PE,1686459156
354,katsuren-haebaru,26.3369,127.8719,29.43,84,75,4.12,JP,1686459156
355,chavusy,53.8075,30.9712,10.31,61,96,7.34,BY,1686459156
356,robore,-18.3333,-59.75,21.62,85,0,1.7,BO,1686459156
357,gantang,26.92,119.6333,33.06,51,71,2.13,CN,1686459157
358,bembereke,10.2283,2.6634,21.75,93,99,2.48,BJ,1686459157
359,pekin,39.9075,116.3972,29.94,23,42,2.41,CN,1686458995
360,katabu,-4.9333,122.5167,29.38,66,100,4.55,ID,1686459157
361,rio grande,-32.035,-52.0986,13.43,79,98,3.09,BR,1686459022
362,zheshart,62.0731,49.5733,6.0,56,44,4.93,RU,1686459158
363,nileshwar,12.25,75.1,29.29,75,100,3.56,IN,1686459158
364,morehead city,34.7229,-76.726,24.0,81,0,3.6,US,1686459158
365,kaa-khem,51.6833,94.7333,29.2,37,83,3.24,RU,1686459159
366,gudermes,43.3569,46.1053,21.69,76,100,2.21,RU,1686459159
367,wamba,8.9333,8.6,22.12,95,100,0.99,NG,1686459055
368,terenozek,45.05,64.9833,29.62,18,2,8.72,KZ,1686459159
369,hadibu,12.65,54.0333,28.97,78,85,9.66,YE,1686459160
370,asubulaq,49.5583,83.0558,18.16,72,71,3.26,KZ,1686459160
371,bousso,10.4795,16.7117,26.09,70,95,1.45,TD,1686459160
372,cadale,2.7603,46.3222,27.02,78,99,8.96,SO,1686459160
373,makueni boma,-1.8041,37.6203,18.13,79,50,0.87,KE,1686459161
374,yeniseysk,58.4497,92.1703,15.07,35,0,4.08,RU,1686459161
375,onguday,50.75,86.15,13.43,90,100,1.62,RU,1686459161
376,gizo,-8.103,156.8419,28.66,72,91,0.98,SB,1686459161
377,ploneour-lanvern,47.9,-4.2833,15.18,100,99,0.51,FR,1686459161
378,diano marina,43.9103,8.0793,20.87,91,37,2.22,IT,1686459162
379,macusani,-14.0833,-70.4333,-0.01,85,2,1.2,PE,1686459162
380,ubari,26.5921,12.7805,29.24,23,0,7.19,LY,1686459162
381,lagos,6.5833,3.75,25.18,96,100,1.18,NG,1686459067
382,dalandzadgad,43.5708,104.425,25.2,17,32,3.21,MN,1686459163
383,talara,-4.5772,-81.2719,23.89,80,100,6.66,PE,1686459030
384,zupanja,45.0775,18.6975,18.49,93,100,2.07,HR,1686459163
385,timaru,-44.4,171.25,9.44,61,100,0.57,NZ,1686459163
386,muravlenko,63.7898,74.523,13.72,69,100,8.46,RU,1686459164
387,nogliki,51.8333,143.1667,9.57,95,100,3.07,RU,1686459164
388,mossel bay,-34.1831,22.146,12.96,58,0,2.39,ZA,1686459164
389,bonthe,7.5264,-12.505,25.14,87,96,2.79,SL,1686459164
390,sitka,57.0531,-135.33,11.94,76,100,1.54,US,1686459165
391,tralee,52.2704,-9.7026,15.75,96,96,2.36,IE,1686459165
392,tual,-5.6667,132.75,27.46,79,27,6.93,ID,1686459165
393,el granada,37.5027,-122.4694,15.32,87,100,5.14,US,1686459165
394,aldan,58.6031,125.3894,24.85,39,65,3.35,RU,1686459166
395,kristiansund,63.1115,7.732,16.36,55,40,2.57,NO,1686459166
396,neyshabur,36.2133,58.7958,24.9,24,8,1.59,IR,1686459166
397,port macquarie,-31.4333,152.9167,19.38,64,4,3.43,AU,1686459166
398,wynyard,-41.0,145.7167,13.88,86,85,2.2,AU,1686459167
399,ilomantsi,62.6716,30.9328,11.5,49,76,2.89,FI,1686459167
400,baruun-urt,46.6806,113.2792,19.74,43,72,6.31,MN,1686459167
401,anshun,26.25,105.9333,22.23,48,100,1.37,CN,1686459167
402,tazovsky,67.4667,78.7,12.42,39,100,9.97,RU,1686459168
403,sinan,34.8262,126.1086,26.06,97,27,4.59,KR,1686459168
404,griffith,41.5284,-87.4237,22.96,47,0,2.06,US,1686459168
405,puerto deseado,-47.7503,-65.8938,4.14,50,86,9.68,AR,1686459168
406,okha,53.5739,142.9478,7.85,97,100,4.45,RU,1686459169
407,namdrik,5.5994,168.1028,27.99,76,84,5.89,MH,1686459169
408,januaria,-15.4833,-44.3667,20.91,70,21,1.33,BR,1686459169
409,jawala mukhi,31.8833,76.3167,35.41,28,99,2.17,IN,1686459169
410,guymon,36.6828,-101.4816,22.0,64,20,2.06,US,1686459170
411,tadine,-21.55,167.8833,22.04,57,2,5.56,NC,1686459170
412,katima mulilo,-17.5,24.2667,13.31,44,5,1.21,NA,1686459170
413,east london,-33.0153,27.9116,8.52,81,0,2.57,ZA,1686459171
414,tangalle,6.024,80.7911,32.09,73,84,7.06,LK,1686459171
415,holualoa,19.6228,-155.9522,21.54,95,50,1.79,US,1686459171
416,ashburton,-37.8626,145.0794,16.62,54,8,2.24,AU,1686459171
417,tobelo,1.7284,128.0095,29.08,73,88,2.57,ID,1686459027
418,sisimiut,66.9395,-53.6735,3.59,91,100,9.67,GL,1686459172
419,arno,60.1167,18.6333,10.44,49,5,2.72,SE,1686459172
420,junction city,39.0286,-96.8314,20.92,93,100,0.89,US,1686459173
421,mogocha,53.7333,119.7667,28.0,28,0,1.3,RU,1686459173
422,sola,-13.8833,167.55,26.15,73,98,9.39,VU,1686459173
423,dryden,49.7833,-92.7503,13.16,54,0,2.57,CA,1686459173
424,sikasso,10.9167,-7.0,25.56,72,92,2.91,ML,1686459174
425,dolores,-36.3132,-57.6792,4.81,71,0,4.88,AR,1686459174
426,el calafate,-50.3408,-72.2768,1.67,79,13,5.22,AR,1686458934
427,ola,59.5833,151.2833,18.97,82,54,4.4,RU,1686459174
428,ciudad hidalgo,19.6833,-100.5667,19.72,71,69,1.21,MX,1686459174
429,bamboo flat,11.7,92.7167,29.68,80,73,9.14,IN,1686459175
430,santa terezinha,-29.9002,-50.0904,16.22,92,100,5.39,BR,1686459175
431,vadso,70.0744,29.7487,10.49,71,98,1.54,NO,1686459175
432,wunnenberg,51.5167,8.7,17.1,74,0,3.09,DE,1686459176
433,suva,-18.1416,178.4415,25.71,61,75,2.06,FJ,1686459176
434,freeport,40.6576,-73.5832,20.99,76,20,5.66,US,1686459176
435,jinchang,38.4953,102.1739,29.17,16,100,5.91,CN,1686459177
436,mitsamiouli,-11.3847,43.2844,23.16,78,20,2.57,KM,1686459177
437,bathsheba,13.2167,-59.5167,28.34,83,40,5.14,BB,1686459177
438,kavaratti,10.5669,72.642,29.39,75,96,10.07,IN,1686459177
439,formosa,-26.1775,-58.1781,16.99,85,100,8.23,AR,1686458900
440,indramayu,-6.3264,108.32,30.0,59,39,3.63,ID,1686459178
441,khandyga,62.6667,135.6,24.74,30,92,1.79,RU,1686459178
442,mar del plata,-38.0023,-57.5575,6.16,91,40,3.6,AR,1686459178
443,axim,4.8699,-2.2405,25.02,85,100,4.82,GH,1686459178
444,hirara,24.8,125.2833,29.92,79,75,3.6,JP,1686459179
445,el porvenir,13.7617,-87.3458,24.63,98,99,0.48,HN,1686459179
446,horta,38.5333,-28.6333,14.45,79,73,2.68,PT,1686459179
447,happy valley-goose bay,53.3168,-60.3315,10.17,87,75,5.14,CA,1686459179
448,smithers,54.7804,-127.1743,20.18,32,0,4.12,CA,1686459180
449,san miguel de cauri,-10.1,-76.5833,5.64,90,98,0.07,PE,1686459180
450,itoman,26.1247,127.6694,29.43,89,75,4.12,JP,1686459180
451,wabag,-5.4781,143.7021,17.37,94,70,1.29,PG,1686459180
452,newman,37.3138,-121.0208,23.19,65,77,3.29,US,1686459181
453,port blair,11.6667,92.75,29.6,80,73,9.24,IN,1686459181
454,dhidhdhoo,6.8833,73.1,28.96,77,100,7.9,MV,1686459181
455,balikpapan,-1.2675,116.8289,30.55,79,20,3.09,ID,1686459181
456,santa marta,11.2408,-74.199,27.72,74,82,1.79,CO,1686459035
457,ketchikan,55.3422,-131.6461,16.26,59,0,3.09,US,1686459109
458,puerto rico,-26.796,-55.024,21.04,81,93,1.26,AR,1686459182
459,eyl,7.9803,49.8164,28.86,55,100,12.36,SO,1686459182
460,oroville east,39.5113,-121.4752,22.21,51,100,2.72,US,1686459006
461,naze,28.3667,129.4833,25.51,88,99,3.38,JP,1686459183
462,ponta delgada,37.7333,-25.6667,17.4,72,40,2.57,PT,1686459183
463,newnham,-41.3833,147.1333,15.62,68,40,6.69,AU,1686459183
464,new norfolk,-42.7826,147.0587,16.07,78,78,0.45,AU,1686459184
465,sendafa,9.15,39.0333,13.64,72,99,1.17,ET,1686459184
466,matadi,-5.8167,13.45,22.97,91,100,1.02,CD,1686459184
467,arroyo,41.6096,-4.7969,16.19,88,0,1.54,ES,1686459184
468,pfronten,47.5833,10.5667,14.01,92,8,0.89,DE,1686459185
469,miramar,25.9873,-80.2323,28.01,89,0,0.0,US,1686459185
470,karbala,32.616,44.0249,33.35,28,0,4.88,IQ,1686459008
471,robertsport,6.7533,-11.3686,26.31,82,100,3.43,LR,1686459185
472,souillac,-20.5167,57.5167,22.21,88,75,0.0,MU,1686459186
473,laminusa,5.5549,120.9136,28.49,78,94,4.87,PH,1686459186
474,krasnovishersk,60.4078,57.082,7.19,65,99,4.42,RU,1686459186
475,catumbela,-12.4314,13.5472,19.78,89,23,0.99,AO,1686459186
476,sao joao da barra,-21.6403,-41.0511,22.05,89,1,3.09,BR,1686458911
477,zahedan,29.4963,60.8629,29.95,23,0,2.06,IR,1686459187
478,ceeldheer,3.8488,47.1806,27.21,73,92,9.28,SO,1686459187
479,san andres,12.5847,-81.7006,29.01,84,40,1.03,CO,1686459187
480,magdalena de kino,30.6333,-110.95,21.62,18,21,2.27,MX,1686459188
481,paunesti,46.0333,27.1,17.26,78,94,5.97,RO,1686459188
482,jining,35.405,116.5814,35.73,17,31,2.15,CN,1686459188
483,kodinsk,58.6881,99.1844,17.3,30,4,5.52,RU,1686459188
484,sainte-anne-des-monts,49.124,-66.4924,8.93,93,100,2.57,CA,1686459189
485,le port,-20.9373,55.2919,26.05,83,23,2.44,RE,1686459189
486,itamaraca,-7.7478,-34.8256,23.03,86,21,3.42,BR,1686459189
487,clodomira,-27.5744,-64.1311,13.98,29,100,5.07,AR,1686458960
488,qui nhon,13.7667,109.2333,30.62,62,100,4.98,VN,1686459190
489,luganville,-15.5333,167.1667,24.62,84,99,5.18,VU,1686459190
490,alo,7.4178,6.7371,23.06,98,100,1.36,NG,1686459190
491,bikenibeu village,1.3673,173.1241,31.98,70,20,2.06,KI,1686459190
492,castillos,-34.1667,-53.8333,8.84,63,81,4.44,UY,1686459191
493,malango,-2.9627,119.9001,25.76,77,66,1.82,ID,1686459191
494,guantanamo,20.1444,-75.2092,28.76,90,70,1.11,CU,1686459191
495,ilha de mocambique,-15.0342,40.7358,24.11,78,3,2.16,MZ,1686459191
496,antonio enes,-16.2325,39.9086,22.67,82,4,0.47,MZ,1686459192
497,palmer,42.1584,-72.3287,14.42,82,0,1.54,US,1686459162
498,betio village,1.358,172.9211,32.02,72,12,4.03,KI,1686459192
499,langepas,61.2544,75.2124,18.81,47,100,6.72,RU,1686459192
500,qamdo,31.1667,97.2333,2.11,94,100,1.96,CN,1686459193
501,jelgava,56.65,23.7128,13.89,50,0,3.27,LV,1686459193
502,lakatoro,-16.0999,167.4164,24.63,79,97,6.21,VU,1686459193
503,madimba,-10.4,40.3333,21.62,100,20,4.63,TZ,1686459193
504,manggar,-2.8833,108.2667,30.62,61,76,5.24,ID,1686459194
505,mejit,10.2753,170.8646,28.03,80,65,6.96,MH,1686459194
506,penzance,50.1186,-5.5371,15.38,98,96,2.07,GB,1686459194
507,terekli-mekteb,44.1671,45.8698,23.21,66,100,2.2,RU,1686459194
508,shymkent,42.3,69.6,31.33,20,0,6.0,KZ,1686459195
509,cururupu,-1.8283,-44.8683,23.23,98,20,1.49,BR,1686459195
510,farasan,16.7022,42.1183,31.95,69,25,3.54,SA,1686459195
511,petrolina,-9.3986,-40.5008,23.03,83,20,4.12,BR,1686459196
512,starke,29.9441,-82.1098,23.03,100,100,1.54,US,1686459196
513,zalari,53.5584,102.5065,23.03,64,74,5.65,RU,1686459196
514,salinopolis,-0.6136,-47.3561,25.62,86,20,4.39,BR,1686459196
515,san-pedro,4.7485,-6.6363,24.33,90,100,3.84,CI,1686459197
516,callao,-12.0667,-77.15,22.16,73,100,4.12,PE,1686459197
517,yarmouth,41.7057,-70.2286,15.54,94,0,1.54,US,1686459197
518,manfalut,27.3104,30.97,24.14,38,0,3.22,EG,1686459197
519,cascais,38.6979,-9.4215,20.07,91,45,3.58,PT,1686459198
520,santo domingo de la calzada,42.4285,-2.9555,13.59,97,96,0.17,ES,1686459198
521,laguna,38.421,-121.4238,21.45,69,0,4.12,US,1686459198
522,carutapera,-1.195,-46.02,23.87,94,24,2.6,BR,1686459199
523,vila velha,-20.3297,-40.2925,22.97,93,20,4.12,BR,1686459199
524,maumere,-8.6199,122.2111,28.82,63,51,3.51,ID,1686459199
525,usinsk,65.9939,57.5281,1.04,97,100,9.53,RU,1686459200
526,al ghayzah,16.2079,52.176,33.08,52,100,1.3,YE,1686459200
527,fortuna,40.5982,-124.1573,13.29,92,100,1.54,US,1686459167
528,swakopmund,-22.6833,14.5333,11.66,90,0,0.45,NA,1686459200
529,gillette,44.2911,-105.5022,13.51,91,100,2.24,US,1686459200
530,camarinas,43.1311,-9.1817,13.43,88,86,2.32,ES,1686459201
531,masvingo,-20.0637,30.8277,14.3,86,82,1.57,ZW,1686459201
532,inirida,3.8653,-67.9239,23.38,97,100,0.56,CO,1686459201
533,san luis de la loma,17.2706,-100.8939,26.9,75,77,2.07,MX,1686459202
534,novo aripuana,-5.1206,-60.3797,22.59,97,89,0.44,BR,1686459202
535,kuala kangsar,4.7667,100.9333,30.96,71,88,2.35,MY,1686459202
536,lycksele,64.5954,18.6735,15.24,71,75,0.0,SE,1686459202
537,malvan,16.0667,73.4667,30.09,73,62,7.79,IN,1686459203
538,saint-francois,46.4154,3.9054,17.04,100,100,0.0,FR,1686459203
539,inyonga,-6.7167,32.0667,17.02,70,36,1.25,TZ,1686459203
540,atar,20.5169,-13.0499,28.41,29,3,4.54,MR,1686459204
541,takoradi,4.8845,-1.7554,24.97,84,100,5.19,GH,1686459204
542,rio hato,8.3833,-80.1667,27.66,88,100,2.41,PA,1686459204
543,emerald,-23.5333,148.1667,25.19,31,4,3.58,AU,1686459204
544,manokwari,-0.8667,134.0833,29.53,65,47,1.85,ID,1686459205
545,sena madureira,-9.0656,-68.6569,22.42,98,80,1.04,BR,1686459139
546,eydhafushi,5.1033,73.0708,28.71,79,86,6.49,MV,1686459205
547,gustavsberg,59.3268,18.3898,14.54,70,3,1.37,SE,1686459205
548,dado,7.05,124.4597,34.28,50,77,0.26,PH,1686459206
549,yelanskiy,56.8419,62.5014,12.69,54,95,4.73,RU,1686459206
550,coquimbo,-29.9533,-71.3436,10.85,87,0,1.54,CL,1686458986
551,altai,46.3722,96.2583,22.51,25,3,1.45,MN,1686459207
552,lautoka,-17.6167,177.4667,26.92,61,40,4.12,FJ,1686459207
553,santos reyes nopala,16.1092,-97.1561,24.01,92,98,0.36,MX,1686459207
554,le muy,43.4738,6.5645,20.07,96,1,1.03,FR,1686459208
